"$__","$isNew","_doc"
"{""activePaths"":{""paths"":{""_id"":""init"",""id"":""init"",""name"":""init"",""email"":""init"",""gender"":""init"",""status"":""init"",""__v"":""init""},""states"":{""init"":{""_id"":true,""id"":true,""name"":true,""email"":true,""gender"":true,""status"":true,""__v"":true}}},""skipId"":true}",false,"{""_id"":""64955937b9abc9ee79313838"",""id"":3136949,""name"":""Vishal Tandale"",""email"":""mandaakin_panicker@stamm.example"",""gender"":""female"",""status"":""active"",""__v"":0}"
"{""activePaths"":{""paths"":{""_id"":""init"",""id"":""init"",""name"":""init"",""email"":""init"",""gender"":""init"",""status"":""init"",""__v"":""init""},""states"":{""init"":{""_id"":true,""id"":true,""name"":true,""email"":true,""gender"":true,""status"":true,""__v"":true}}},""skipId"":true}",false,"{""_id"":""64955937b9abc9ee79313839"",""id"":3136948,""name"":""Malti Achari"",""email"":""malti_achari@muller.test"",""gender"":""male"",""status"":""active"",""__v"":0}"
"{""activePaths"":{""paths"":{""_id"":""init"",""id"":""init"",""name"":""init"",""email"":""init"",""gender"":""init"",""status"":""init"",""__v"":""init""},""states"":{""init"":{""_id"":true,""id"":true,""name"":true,""email"":true,""gender"":true,""status"":true,""__v"":true}}},""skipId"":true}",false,"{""_id"":""64955937b9abc9ee7931383a"",""id"":3136947,""name"":""Gov. Chidananda Ahluwalia"",""email"":""chidananda_gov_ahluwalia@kovacek.test"",""gender"":""male"",""status"":""active"",""__v"":0}"
"{""activePaths"":{""paths"":{""_id"":""init"",""id"":""init"",""name"":""init"",""email"":""init"",""gender"":""init"",""status"":""init"",""__v"":""init""},""states"":{""init"":{""_id"":true,""id"":true,""name"":true,""email"":true,""gender"":true,""status"":true,""__v"":true}}},""skipId"":true}",false,"{""_id"":""64955937b9abc9ee7931383b"",""id"":3136946,""name"":""Kashyap Varman"",""email"":""varman_kashyap@jakubowski-anderson.example"",""gender"":""female"",""status"":""inactive"",""__v"":0}"
"{""activePaths"":{""paths"":{""_id"":""init"",""id"":""init"",""name"":""init"",""email"":""init"",""gender"":""init"",""status"":""init"",""__v"":""init""},""states"":{""init"":{""_id"":true,""id"":true,""name"":true,""email"":true,""gender"":true,""status"":true,""__v"":true}}},""skipId"":true}",false,"{""_id"":""64955937b9abc9ee7931383c"",""id"":3136945,""name"":""Aagney Abbott"",""email"":""aagney_abbott@kshlerin.test"",""gender"":""male"",""status"":""inactive"",""__v"":0}"
"{""activePaths"":{""paths"":{""_id"":""init"",""id"":""init"",""name"":""init"",""email"":""init"",""gender"":""init"",""status"":""init"",""__v"":""init""},""states"":{""init"":{""_id"":true,""id"":true,""name"":true,""email"":true,""gender"":true,""status"":true,""__v"":true}}},""skipId"":true}",false,"{""_id"":""64955937b9abc9ee7931383d"",""id"":3136944,""name"":""Amodini Embranthiri Ret."",""email"":""embranthiri_ret_amodini@murphy.example"",""gender"":""female"",""status"":""inactive"",""__v"":0}"
"{""activePaths"":{""paths"":{""_id"":""init"",""id"":""init"",""name"":""init"",""email"":""init"",""gender"":""init"",""status"":""init"",""__v"":""init""},""states"":{""init"":{""_id"":true,""id"":true,""name"":true,""email"":true,""gender"":true,""status"":true,""__v"":true}}},""skipId"":true}",false,"{""_id"":""64955937b9abc9ee7931383e"",""id"":3136943,""name"":""Fr. Mina Mukhopadhyay"",""email"":""mukhopadhyay_fr_mina@zemlak.test"",""gender"":""female"",""status"":""active"",""__v"":0}"
"{""activePaths"":{""paths"":{""_id"":""init"",""id"":""init"",""name"":""init"",""email"":""init"",""gender"":""init"",""status"":""init"",""__v"":""init""},""states"":{""init"":{""_id"":true,""id"":true,""name"":true,""email"":true,""gender"":true,""status"":true,""__v"":true}}},""skipId"":true}",false,"{""_id"":""64955937b9abc9ee7931383f"",""id"":3136942,""name"":""Aamod Naik"",""email"":""aamod_naik@mclaughlin-rowe.example"",""gender"":""male"",""status"":""active"",""__v"":0}"
"{""activePaths"":{""paths"":{""_id"":""init"",""id"":""init"",""name"":""init"",""email"":""init"",""gender"":""init"",""status"":""init"",""__v"":""init""},""states"":{""init"":{""_id"":true,""id"":true,""name"":true,""email"":true,""gender"":true,""status"":true,""__v"":true}}},""skipId"":true}",false,"{""_id"":""64955937b9abc9ee79313840"",""id"":3136941,""name"":""Manik Ganaka"",""email"":""manik_ganaka@witting.test"",""gender"":""female"",""status"":""active"",""__v"":0}"
"{""activePaths"":{""paths"":{""_id"":""init"",""id"":""init"",""name"":""init"",""email"":""init"",""gender"":""init"",""status"":""init"",""__v"":""init""},""states"":{""init"":{""_id"":true,""id"":true,""name"":true,""email"":true,""gender"":true,""status"":true,""__v"":true}}},""skipId"":true}",false,"{""_id"":""64955937b9abc9ee79313841"",""id"":3136940,""name"":""Atreyi Kapoor"",""email"":""kapoor_atreyi@schmidt.example"",""gender"":""male"",""status"":""inactive"",""__v"":0}"
"{""activePaths"":{""paths"":{""_id"":""init"",""id"":""init"",""name"":""init"",""email"":""init"",""gender"":""init"",""status"":""init"",""__v"":""init""},""states"":{""init"":{""_id"":true,""id"":true,""name"":true,""email"":true,""gender"":true,""status"":true,""__v"":true}}},""skipId"":true}",false,"{""_id"":""64955937b9abc9ee79313842"",""id"":3136939,""name"":""Dhananjay Achari"",""email"":""dhananjay_achari@leuschke-konopelski.test"",""gender"":""female"",""status"":""active"",""__v"":0}"
"{""activePaths"":{""paths"":{""_id"":""init"",""id"":""init"",""name"":""init"",""email"":""init"",""gender"":""init"",""status"":""init"",""__v"":""init""},""states"":{""init"":{""_id"":true,""id"":true,""name"":true,""email"":true,""gender"":true,""status"":true,""__v"":true}}},""skipId"":true}",false,"{""_id"":""64955937b9abc9ee79313843"",""id"":3136938,""name"":""Rakesh Marar V"",""email"":""v_rakesh_marar@mayert.example"",""gender"":""male"",""status"":""inactive"",""__v"":0}"
"{""activePaths"":{""paths"":{""_id"":""init"",""id"":""init"",""name"":""init"",""email"":""init"",""gender"":""init"",""status"":""init"",""__v"":""init""},""states"":{""init"":{""_id"":true,""id"":true,""name"":true,""email"":true,""gender"":true,""status"":true,""__v"":true}}},""skipId"":true}",false,"{""_id"":""64955937b9abc9ee79313844"",""id"":3136937,""name"":""Chandra Pothuvaal"",""email"":""chandra_pothuvaal@bogisich.test"",""gender"":""female"",""status"":""active"",""__v"":0}"
"{""activePaths"":{""paths"":{""_id"":""init"",""id"":""init"",""name"":""init"",""email"":""init"",""gender"":""init"",""status"":""init"",""__v"":""init""},""states"":{""init"":{""_id"":true,""id"":true,""name"":true,""email"":true,""gender"":true,""status"":true,""__v"":true}}},""skipId"":true}",false,"{""_id"":""64955937b9abc9ee79313845"",""id"":3136936,""name"":""Vasanti Kocchar LLD"",""email"":""lld_kocchar_vasanti@hermann-gusikowski.example"",""gender"":""male"",""status"":""inactive"",""__v"":0}"
"{""activePaths"":{""paths"":{""_id"":""init"",""id"":""init"",""name"":""init"",""email"":""init"",""gender"":""init"",""status"":""init"",""__v"":""init""},""states"":{""init"":{""_id"":true,""id"":true,""name"":true,""email"":true,""gender"":true,""status"":true,""__v"":true}}},""skipId"":true}",false,"{""_id"":""64955937b9abc9ee79313846"",""id"":3136935,""name"":""Purushottam Talwar"",""email"":""purushottam_talwar@batz.test"",""gender"":""female"",""status"":""active"",""__v"":0}"
"{""activePaths"":{""paths"":{""_id"":""init"",""id"":""init"",""name"":""init"",""email"":""init"",""gender"":""init"",""status"":""init"",""__v"":""init""},""states"":{""init"":{""_id"":true,""id"":true,""name"":true,""email"":true,""gender"":true,""status"":true,""__v"":true}}},""skipId"":true}",false,"{""_id"":""64955937b9abc9ee79313847"",""id"":3136933,""name"":""Devika Kaur"",""email"":""kaur_devika@mclaughlin.example"",""gender"":""female"",""status"":""inactive"",""__v"":0}"
"{""activePaths"":{""paths"":{""_id"":""init"",""id"":""init"",""name"":""init"",""email"":""init"",""gender"":""init"",""status"":""init"",""__v"":""init""},""states"":{""init"":{""_id"":true,""id"":true,""name"":true,""email"":true,""gender"":true,""status"":true,""__v"":true}}},""skipId"":true}",false,"{""_id"":""64955937b9abc9ee79313848"",""id"":3136932,""name"":""Bhaumik Khatri"",""email"":""bhaumik_khatri@effertz.test"",""gender"":""female"",""status"":""active"",""__v"":0}"
"{""activePaths"":{""paths"":{""_id"":""init"",""id"":""init"",""name"":""init"",""email"":""init"",""gender"":""init"",""status"":""init"",""__v"":""init""},""states"":{""init"":{""_id"":true,""id"":true,""name"":true,""email"":true,""gender"":true,""status"":true,""__v"":true}}},""skipId"":true}",false,"{""_id"":""64955937b9abc9ee79313849"",""id"":3136931,""name"":""Agneya Acharya"",""email"":""agneya_acharya@lockman-kreiger.example"",""gender"":""female"",""status"":""active"",""__v"":0}"
"{""activePaths"":{""paths"":{""_id"":""init"",""id"":""init"",""name"":""init"",""email"":""init"",""gender"":""init"",""status"":""init"",""__v"":""init""},""states"":{""init"":{""_id"":true,""id"":true,""name"":true,""email"":true,""gender"":true,""status"":true,""__v"":true}}},""skipId"":true}",false,"{""_id"":""64955937b9abc9ee7931384a"",""id"":3136930,""name"":""Rev. Shreya Khan"",""email"":""shreya_khan_rev@mckenzie.example"",""gender"":""female"",""status"":""active"",""__v"":0}"
"{""activePaths"":{""paths"":{""_id"":""init"",""id"":""init"",""name"":""init"",""email"":""init"",""gender"":""init"",""status"":""init"",""__v"":""init""},""states"":{""init"":{""_id"":true,""id"":true,""name"":true,""email"":true,""gender"":true,""status"":true,""__v"":true}}},""skipId"":true}",false,"{""_id"":""64955937b9abc9ee7931384b"",""id"":3136929,""name"":""Trilochan Ahluwalia"",""email"":""ahluwalia_trilochan@frami.test"",""gender"":""female"",""status"":""active"",""__v"":0}"
"{""activePaths"":{""paths"":{""_id"":""init"",""id"":""init"",""name"":""init"",""email"":""init"",""gender"":""init"",""status"":""init"",""__v"":""init""},""states"":{""init"":{""_id"":true,""id"":true,""name"":true,""email"":true,""gender"":true,""status"":true,""__v"":true}}},""skipId"":true}",false,"{""_id"":""64955937b9abc9ee7931384c"",""id"":3136928,""name"":""Aadinath Kaul"",""email"":""kaul_aadinath@trantow.test"",""gender"":""female"",""status"":""inactive"",""__v"":0}"
"{""activePaths"":{""paths"":{""_id"":""init"",""id"":""init"",""name"":""init"",""email"":""init"",""gender"":""init"",""status"":""init"",""__v"":""init""},""states"":{""init"":{""_id"":true,""id"":true,""name"":true,""email"":true,""gender"":true,""status"":true,""__v"":true}}},""skipId"":true}",false,"{""_id"":""64955937b9abc9ee7931384d"",""id"":3136927,""name"":""Bhasvan Devar"",""email"":""devar_bhasvan@gulgowski-mann.example"",""gender"":""female"",""status"":""active"",""__v"":0}"
"{""activePaths"":{""paths"":{""_id"":""init"",""id"":""init"",""name"":""init"",""email"":""init"",""gender"":""init"",""status"":""init"",""__v"":""init""},""states"":{""init"":{""_id"":true,""id"":true,""name"":true,""email"":true,""gender"":true,""status"":true,""__v"":true}}},""skipId"":true}",false,"{""_id"":""64955937b9abc9ee7931384e"",""id"":3136926,""name"":""Vasudeva Kocchar Esq."",""email"":""kocchar_vasudeva_esq@king-barrows.test"",""gender"":""female"",""status"":""active"",""__v"":0}"
"{""activePaths"":{""paths"":{""_id"":""init"",""id"":""init"",""name"":""init"",""email"":""init"",""gender"":""init"",""status"":""init"",""__v"":""init""},""states"":{""init"":{""_id"":true,""id"":true,""name"":true,""email"":true,""gender"":true,""status"":true,""__v"":true}}},""skipId"":true}",false,"{""_id"":""64955937b9abc9ee7931384f"",""id"":3136925,""name"":""Msgr. Nagabhushanam Bhattathiri"",""email"":""msgr_nagabhushanam_bhattathiri@mcclure-hamill.example"",""gender"":""female"",""status"":""inactive"",""__v"":0}"
"{""activePaths"":{""paths"":{""_id"":""init"",""id"":""init"",""name"":""init"",""email"":""init"",""gender"":""init"",""status"":""init"",""__v"":""init""},""states"":{""init"":{""_id"":true,""id"":true,""name"":true,""email"":true,""gender"":true,""status"":true,""__v"":true}}},""skipId"":true}",false,"{""_id"":""64955937b9abc9ee79313850"",""id"":3136924,""name"":""Mandakini Tagore"",""email"":""tagore_mandakini@konopelski.example"",""gender"":""female"",""status"":""active"",""__v"":0}"
"{""activePaths"":{""paths"":{""_id"":""init"",""id"":""init"",""name"":""init"",""email"":""init"",""gender"":""init"",""status"":""init"",""__v"":""init""},""states"":{""init"":{""_id"":true,""id"":true,""name"":true,""email"":true,""gender"":true,""status"":true,""__v"":true}}},""skipId"":true}",false,"{""_id"":""64955937b9abc9ee79313851"",""id"":3136922,""name"":""Eshita Mishra"",""email"":""eshita_mishra@erdman-torphy.example"",""gender"":""male"",""status"":""active"",""__v"":0}"
"{""activePaths"":{""paths"":{""_id"":""init"",""id"":""init"",""name"":""init"",""email"":""init"",""gender"":""init"",""status"":""init"",""__v"":""init""},""states"":{""init"":{""_id"":true,""id"":true,""name"":true,""email"":true,""gender"":true,""status"":true,""__v"":true}}},""skipId"":true}",false,"{""_id"":""64955937b9abc9ee79313852"",""id"":3136921,""name"":""Draupadi Shukla"",""email"":""draupadi_shukla@smitham.example"",""gender"":""female"",""status"":""active"",""__v"":0}"
"{""activePaths"":{""paths"":{""_id"":""init"",""id"":""init"",""name"":""init"",""email"":""init"",""gender"":""init"",""status"":""init"",""__v"":""init""},""states"":{""init"":{""_id"":true,""id"":true,""name"":true,""email"":true,""gender"":true,""status"":true,""__v"":true}}},""skipId"":true}",false,"{""_id"":""64955937b9abc9ee79313853"",""id"":3136920,""name"":""Rev. Charak Nehru"",""email"":""charak_nehru_rev@wehner.test"",""gender"":""female"",""status"":""active"",""__v"":0}"
"{""activePaths"":{""paths"":{""_id"":""init"",""id"":""init"",""name"":""init"",""email"":""init"",""gender"":""init"",""status"":""init"",""__v"":""init""},""states"":{""init"":{""_id"":true,""id"":true,""name"":true,""email"":true,""gender"":true,""status"":true,""__v"":true}}},""skipId"":true}",false,"{""_id"":""64955937b9abc9ee79313854"",""id"":3136919,""name"":""Deveshwar Pilla MD"",""email"":""deveshwar_pilla_md@spencer.test"",""gender"":""female"",""status"":""active"",""__v"":0}"
"{""activePaths"":{""paths"":{""_id"":""init"",""id"":""init"",""name"":""init"",""email"":""init"",""gender"":""init"",""status"":""init"",""__v"":""init""},""states"":{""init"":{""_id"":true,""id"":true,""name"":true,""email"":true,""gender"":true,""status"":true,""__v"":true}}},""skipId"":true}",false,"{""_id"":""64955937b9abc9ee79313855"",""id"":3136918,""name"":""Advaya Pilla"",""email"":""pilla_advaya@haley.test"",""gender"":""female"",""status"":""active"",""__v"":0}"
"{""activePaths"":{""paths"":{""_id"":""init"",""id"":""init"",""name"":""init"",""email"":""init"",""gender"":""init"",""status"":""init"",""__v"":""init""},""states"":{""init"":{""_id"":true,""id"":true,""name"":true,""email"":true,""gender"":true,""status"":true,""__v"":true}}},""skipId"":true}",false,"{""_id"":""64955937b9abc9ee79313856"",""id"":3136917,""name"":""Purnima Deshpande"",""email"":""deshpande_purnima@fay.test"",""gender"":""female"",""status"":""inactive"",""__v"":0}"
"{""activePaths"":{""paths"":{""_id"":""init"",""id"":""init"",""name"":""init"",""email"":""init"",""gender"":""init"",""status"":""init"",""__v"":""init""},""states"":{""init"":{""_id"":true,""id"":true,""name"":true,""email"":true,""gender"":true,""status"":true,""__v"":true}}},""skipId"":true}",false,"{""_id"":""64955937b9abc9ee79313857"",""id"":3136916,""name"":""Shresthi Bandopadhyay"",""email"":""bandopadhyay_shresthi@schmeler-schaden.test"",""gender"":""male"",""status"":""inactive"",""__v"":0}"
"{""activePaths"":{""paths"":{""_id"":""init"",""id"":""init"",""name"":""init"",""email"":""init"",""gender"":""init"",""status"":""init"",""__v"":""init""},""states"":{""init"":{""_id"":true,""id"":true,""name"":true,""email"":true,""gender"":true,""status"":true,""__v"":true}}},""skipId"":true}",false,"{""_id"":""64955937b9abc9ee79313858"",""id"":3136915,""name"":""Gati Varma"",""email"":""gati_varma@schulist.example"",""gender"":""male"",""status"":""active"",""__v"":0}"
"{""activePaths"":{""paths"":{""_id"":""init"",""id"":""init"",""name"":""init"",""email"":""init"",""gender"":""init"",""status"":""init"",""__v"":""init""},""states"":{""init"":{""_id"":true,""id"":true,""name"":true,""email"":true,""gender"":true,""status"":true,""__v"":true}}},""skipId"":true}",false,"{""_id"":""64955937b9abc9ee79313859"",""id"":3136914,""name"":""Vijay Acharya"",""email"":""vijay_acharya@beatty-veum.example"",""gender"":""female"",""status"":""active"",""__v"":0}"
"{""activePaths"":{""paths"":{""_id"":""init"",""id"":""init"",""name"":""init"",""email"":""init"",""gender"":""init"",""status"":""init"",""__v"":""init""},""states"":{""init"":{""_id"":true,""id"":true,""name"":true,""email"":true,""gender"":true,""status"":true,""__v"":true}}},""skipId"":true}",false,"{""_id"":""64955937b9abc9ee7931385a"",""id"":3136913,""name"":""Aalok Tandon"",""email"":""aalok_tandon@boyle-mckenzie.test"",""gender"":""female"",""status"":""inactive"",""__v"":0}"
"{""activePaths"":{""paths"":{""_id"":""init"",""id"":""init"",""name"":""init"",""email"":""init"",""gender"":""init"",""status"":""init"",""__v"":""init""},""states"":{""init"":{""_id"":true,""id"":true,""name"":true,""email"":true,""gender"":true,""status"":true,""__v"":true}}},""skipId"":true}",false,"{""_id"":""64955937b9abc9ee7931385b"",""id"":3136912,""name"":""Gov. Satyen Mehrotra"",""email"":""gov_mehrotra_satyen@kunze.example"",""gender"":""male"",""status"":""inactive"",""__v"":0}"
"{""activePaths"":{""paths"":{""_id"":""init"",""id"":""init"",""name"":""init"",""email"":""init"",""gender"":""init"",""status"":""init"",""__v"":""init""},""states"":{""init"":{""_id"":true,""id"":true,""name"":true,""email"":true,""gender"":true,""status"":true,""__v"":true}}},""skipId"":true}",false,"{""_id"":""64955937b9abc9ee7931385c"",""id"":3136911,""name"":""Trilokanath Mukhopadhyay"",""email"":""trilokanath_mukhopadhyay@bernhard.example"",""gender"":""female"",""status"":""active"",""__v"":0}"
"{""activePaths"":{""paths"":{""_id"":""init"",""id"":""init"",""name"":""init"",""email"":""init"",""gender"":""init"",""status"":""init"",""__v"":""init""},""states"":{""init"":{""_id"":true,""id"":true,""name"":true,""email"":true,""gender"":true,""status"":true,""__v"":true}}},""skipId"":true}",false,"{""_id"":""64955937b9abc9ee7931385d"",""id"":3136910,""name"":""Agrata Acharya"",""email"":""acharya_agrata@trantow-walker.test"",""gender"":""female"",""status"":""inactive"",""__v"":0}"
"{""activePaths"":{""paths"":{""_id"":""init"",""id"":""init"",""name"":""init"",""email"":""init"",""gender"":""init"",""status"":""init"",""__v"":""init""},""states"":{""init"":{""_id"":true,""id"":true,""name"":true,""email"":true,""gender"":true,""status"":true,""__v"":true}}},""skipId"":true}",false,"{""_id"":""64955937b9abc9ee7931385e"",""id"":3136909,""name"":""Lalita Guha"",""email"":""guha_lalita@bednar.example"",""gender"":""female"",""status"":""active"",""__v"":0}"
"{""activePaths"":{""paths"":{""_id"":""init"",""id"":""init"",""name"":""init"",""email"":""init"",""gender"":""init"",""status"":""init"",""__v"":""init""},""states"":{""init"":{""_id"":true,""id"":true,""name"":true,""email"":true,""gender"":true,""status"":true,""__v"":true}}},""skipId"":true}",false,"{""_id"":""64955937b9abc9ee7931385f"",""id"":3136908,""name"":""Vaijayanthi Jain DO"",""email"":""vaijayanthi_jain_do@fritsch.test"",""gender"":""female"",""status"":""active"",""__v"":0}"
"{""activePaths"":{""paths"":{""_id"":""init"",""id"":""init"",""name"":""init"",""email"":""init"",""gender"":""init"",""status"":""init"",""__v"":""init""},""states"":{""init"":{""_id"":true,""id"":true,""name"":true,""email"":true,""gender"":true,""status"":true,""__v"":true}}},""skipId"":true}",false,"{""_id"":""64955937b9abc9ee79313860"",""id"":3136907,""name"":""Prathamesh Somayaji"",""email"":""prathamesh_somayaji@schimmel.test"",""gender"":""female"",""status"":""active"",""__v"":0}"
"{""activePaths"":{""paths"":{""_id"":""init"",""id"":""init"",""name"":""init"",""email"":""init"",""gender"":""init"",""status"":""init"",""__v"":""init""},""states"":{""init"":{""_id"":true,""id"":true,""name"":true,""email"":true,""gender"":true,""status"":true,""__v"":true}}},""skipId"":true}",false,"{""_id"":""64955937b9abc9ee79313861"",""id"":3136906,""name"":""Kalpana Sethi"",""email"":""sethi_kalpana@barrows-stracke.example"",""gender"":""male"",""status"":""inactive"",""__v"":0}"
"{""activePaths"":{""paths"":{""_id"":""init"",""id"":""init"",""name"":""init"",""email"":""init"",""gender"":""init"",""status"":""init"",""__v"":""init""},""states"":{""init"":{""_id"":true,""id"":true,""name"":true,""email"":true,""gender"":true,""status"":true,""__v"":true}}},""skipId"":true}",false,"{""_id"":""64955937b9abc9ee79313862"",""id"":3136905,""name"":""Dron Adiga"",""email"":""dron_adiga@brekke.example"",""gender"":""male"",""status"":""inactive"",""__v"":0}"
"{""activePaths"":{""paths"":{""_id"":""init"",""id"":""init"",""name"":""init"",""email"":""init"",""gender"":""init"",""status"":""init"",""__v"":""init""},""states"":{""init"":{""_id"":true,""id"":true,""name"":true,""email"":true,""gender"":true,""status"":true,""__v"":true}}},""skipId"":true}",false,"{""_id"":""64955937b9abc9ee79313863"",""id"":3136903,""name"":""Meghnad Achari"",""email"":""achari_meghnad@denesik.example"",""gender"":""female"",""status"":""inactive"",""__v"":0}"
"{""activePaths"":{""paths"":{""_id"":""init"",""id"":""init"",""name"":""init"",""email"":""init"",""gender"":""init"",""status"":""init"",""__v"":""init""},""states"":{""init"":{""_id"":true,""id"":true,""name"":true,""email"":true,""gender"":true,""status"":true,""__v"":true}}},""skipId"":true}",false,"{""_id"":""64955937b9abc9ee79313864"",""id"":3136902,""name"":""Omana Abbott"",""email"":""omana_abbott@white.example"",""gender"":""female"",""status"":""active"",""__v"":0}"
"{""activePaths"":{""paths"":{""_id"":""init"",""id"":""init"",""name"":""init"",""email"":""init"",""gender"":""init"",""status"":""init"",""__v"":""init""},""states"":{""init"":{""_id"":true,""id"":true,""name"":true,""email"":true,""gender"":true,""status"":true,""__v"":true}}},""skipId"":true}",false,"{""_id"":""64955937b9abc9ee79313865"",""id"":3136901,""name"":""Gurdev Desai"",""email"":""gurdev_desai@kutch.test"",""gender"":""female"",""status"":""inactive"",""__v"":0}"
"{""activePaths"":{""paths"":{""_id"":""init"",""id"":""init"",""name"":""init"",""email"":""init"",""gender"":""init"",""status"":""init"",""__v"":""init""},""states"":{""init"":{""_id"":true,""id"":true,""name"":true,""email"":true,""gender"":true,""status"":true,""__v"":true}}},""skipId"":true}",false,"{""_id"":""64955937b9abc9ee79313866"",""id"":3136900,""name"":""Ananta Chopra"",""email"":""chopra_ananta@legros.test"",""gender"":""male"",""status"":""active"",""__v"":0}"
"{""activePaths"":{""paths"":{""_id"":""init"",""id"":""init"",""name"":""init"",""email"":""init"",""gender"":""init"",""status"":""init"",""__v"":""init""},""states"":{""init"":{""_id"":true,""id"":true,""name"":true,""email"":true,""gender"":true,""status"":true,""__v"":true}}},""skipId"":true}",false,"{""_id"":""64955937b9abc9ee79313867"",""id"":3136899,""name"":""Gauraang Acharya"",""email"":""gauraang_acharya@bergnaum-kassulke.example"",""gender"":""male"",""status"":""inactive"",""__v"":0}"
"{""activePaths"":{""paths"":{""_id"":""init"",""id"":""init"",""name"":""init"",""email"":""init"",""gender"":""init"",""status"":""init"",""__v"":""init""},""states"":{""init"":{""_id"":true,""id"":true,""name"":true,""email"":true,""gender"":true,""status"":true,""__v"":true}}},""skipId"":true}",false,"{""_id"":""64955937b9abc9ee79313868"",""id"":3136898,""name"":""Amaranaath Jha"",""email"":""amaranaath_jha@von.example"",""gender"":""female"",""status"":""inactive"",""__v"":0}"
"{""activePaths"":{""paths"":{""_id"":""init"",""id"":""init"",""name"":""init"",""email"":""init"",""gender"":""init"",""status"":""init"",""__v"":""init""},""states"":{""init"":{""_id"":true,""id"":true,""name"":true,""email"":true,""gender"":true,""status"":true,""__v"":true}}},""skipId"":true}",false,"{""_id"":""64955937b9abc9ee79313869"",""id"":3136897,""name"":""Ahilya Deshpande"",""email"":""deshpande_ahilya@oreilly.example"",""gender"":""female"",""status"":""active"",""__v"":0}"
"{""activePaths"":{""paths"":{""_id"":""init"",""id"":""init"",""name"":""init"",""email"":""init"",""gender"":""init"",""status"":""init"",""__v"":""init""},""states"":{""init"":{""_id"":true,""id"":true,""name"":true,""email"":true,""gender"":true,""status"":true,""__v"":true}}},""skipId"":true}",false,"{""_id"":""64955937b9abc9ee7931386a"",""id"":3136896,""name"":""Chiranjeev Chaturvedi"",""email"":""chaturvedi_chiranjeev@wiegand-mccullough.example"",""gender"":""male"",""status"":""inactive"",""__v"":0}"
"{""activePaths"":{""paths"":{""_id"":""init"",""id"":""init"",""name"":""init"",""email"":""init"",""gender"":""init"",""status"":""init"",""__v"":""init""},""states"":{""init"":{""_id"":true,""id"":true,""name"":true,""email"":true,""gender"":true,""status"":true,""__v"":true}}},""skipId"":true}",false,"{""_id"":""64955937b9abc9ee7931386b"",""id"":3136895,""name"":""Vasudha Arora"",""email"":""arora_vasudha@huel.example"",""gender"":""female"",""status"":""active"",""__v"":0}"
"{""activePaths"":{""paths"":{""_id"":""init"",""id"":""init"",""name"":""init"",""email"":""init"",""gender"":""init"",""status"":""init"",""__v"":""init""},""states"":{""init"":{""_id"":true,""id"":true,""name"":true,""email"":true,""gender"":true,""status"":true,""__v"":true}}},""skipId"":true}",false,"{""_id"":""64955937b9abc9ee7931386c"",""id"":3136894,""name"":""Laxman Patil"",""email"":""patil_laxman@langworth.test"",""gender"":""female"",""status"":""inactive"",""__v"":0}"
"{""activePaths"":{""paths"":{""_id"":""init"",""id"":""init"",""name"":""init"",""email"":""init"",""gender"":""init"",""status"":""init"",""__v"":""init""},""states"":{""init"":{""_id"":true,""id"":true,""name"":true,""email"":true,""gender"":true,""status"":true,""__v"":true}}},""skipId"":true}",false,"{""_id"":""64955937b9abc9ee7931386d"",""id"":3136893,""name"":""Dr. Adityanandan Chattopadhyay"",""email"":""dr_chattopadhyay_adityanandan@will.test"",""gender"":""male"",""status"":""active"",""__v"":0}"
"{""activePaths"":{""paths"":{""_id"":""init"",""id"":""init"",""name"":""init"",""email"":""init"",""gender"":""init"",""status"":""init"",""__v"":""init""},""states"":{""init"":{""_id"":true,""id"":true,""name"":true,""email"":true,""gender"":true,""status"":true,""__v"":true}}},""skipId"":true}",false,"{""_id"":""64955937b9abc9ee7931386e"",""id"":3136892,""name"":""Rajendra Iyengar"",""email"":""iyengar_rajendra@kozey.test"",""gender"":""male"",""status"":""active"",""__v"":0}"
"{""activePaths"":{""paths"":{""_id"":""init"",""id"":""init"",""name"":""init"",""email"":""init"",""gender"":""init"",""status"":""init"",""__v"":""init""},""states"":{""init"":{""_id"":true,""id"":true,""name"":true,""email"":true,""gender"":true,""status"":true,""__v"":true}}},""skipId"":true}",false,"{""_id"":""64955937b9abc9ee7931386f"",""id"":3136891,""name"":""Chandraketu Patil"",""email"":""patil_chandraketu@lind.example"",""gender"":""female"",""status"":""active"",""__v"":0}"
"{""activePaths"":{""paths"":{""_id"":""init"",""id"":""init"",""name"":""init"",""email"":""init"",""gender"":""init"",""status"":""init"",""__v"":""init""},""states"":{""init"":{""_id"":true,""id"":true,""name"":true,""email"":true,""gender"":true,""status"":true,""__v"":true}}},""skipId"":true}",false,"{""_id"":""64955937b9abc9ee79313870"",""id"":3136890,""name"":""Prasad Nayar"",""email"":""prasad_nayar@dibbert.example"",""gender"":""male"",""status"":""active"",""__v"":0}"
"{""activePaths"":{""paths"":{""_id"":""init"",""id"":""init"",""name"":""init"",""email"":""init"",""gender"":""init"",""status"":""init"",""__v"":""init""},""states"":{""init"":{""_id"":true,""id"":true,""name"":true,""email"":true,""gender"":true,""status"":true,""__v"":true}}},""skipId"":true}",false,"{""_id"":""64955937b9abc9ee79313871"",""id"":3136889,""name"":""Kashyap Abbott"",""email"":""kashyap_abbott@haag.example"",""gender"":""female"",""status"":""active"",""__v"":0}"
"{""activePaths"":{""paths"":{""_id"":""init"",""id"":""init"",""name"":""init"",""email"":""init"",""gender"":""init"",""status"":""init"",""__v"":""init""},""states"":{""init"":{""_id"":true,""id"":true,""name"":true,""email"":true,""gender"":true,""status"":true,""__v"":true}}},""skipId"":true}",false,"{""_id"":""64955937b9abc9ee79313872"",""id"":3136888,""name"":""Daevika Mishra"",""email"":""mishra_daevika@hettinger.test"",""gender"":""female"",""status"":""inactive"",""__v"":0}"
"{""activePaths"":{""paths"":{""_id"":""init"",""id"":""init"",""name"":""init"",""email"":""init"",""gender"":""init"",""status"":""init"",""__v"":""init""},""states"":{""init"":{""_id"":true,""id"":true,""name"":true,""email"":true,""gender"":true,""status"":true,""__v"":true}}},""skipId"":true}",false,"{""_id"":""64955937b9abc9ee79313873"",""id"":3136887,""name"":""Atreyee Abbott DO"",""email"":""atreyee_do_abbott@collins-stamm.example"",""gender"":""male"",""status"":""active"",""__v"":0}"
"{""activePaths"":{""paths"":{""_id"":""init"",""id"":""init"",""name"":""init"",""email"":""init"",""gender"":""init"",""status"":""init"",""__v"":""init""},""states"":{""init"":{""_id"":true,""id"":true,""name"":true,""email"":true,""gender"":true,""status"":true,""__v"":true}}},""skipId"":true}",false,"{""_id"":""64955937b9abc9ee79313874"",""id"":3136886,""name"":""Atmaja Sethi"",""email"":""sethi_atmaja@simonis.test"",""gender"":""male"",""status"":""inactive"",""__v"":0}"
"{""activePaths"":{""paths"":{""_id"":""init"",""id"":""init"",""name"":""init"",""email"":""init"",""gender"":""init"",""status"":""init"",""__v"":""init""},""states"":{""init"":{""_id"":true,""id"":true,""name"":true,""email"":true,""gender"":true,""status"":true,""__v"":true}}},""skipId"":true}",false,"{""_id"":""64955937b9abc9ee79313875"",""id"":3136885,""name"":""Esha Namboothiri"",""email"":""namboothiri_esha@cole.example"",""gender"":""female"",""status"":""inactive"",""__v"":0}"
"{""activePaths"":{""paths"":{""_id"":""init"",""id"":""init"",""name"":""init"",""email"":""init"",""gender"":""init"",""status"":""init"",""__v"":""init""},""states"":{""init"":{""_id"":true,""id"":true,""name"":true,""email"":true,""gender"":true,""status"":true,""__v"":true}}},""skipId"":true}",false,"{""_id"":""64955937b9abc9ee79313876"",""id"":3136884,""name"":""Meena Trivedi"",""email"":""trivedi_meena@hane.test"",""gender"":""male"",""status"":""inactive"",""__v"":0}"
"{""activePaths"":{""paths"":{""_id"":""init"",""id"":""init"",""name"":""init"",""email"":""init"",""gender"":""init"",""status"":""init"",""__v"":""init""},""states"":{""init"":{""_id"":true,""id"":true,""name"":true,""email"":true,""gender"":true,""status"":true,""__v"":true}}},""skipId"":true}",false,"{""_id"":""64955937b9abc9ee79313877"",""id"":3136882,""name"":""Rev. Ganaka Gupta"",""email"":""ganaka_gupta_rev@smitham.example"",""gender"":""male"",""status"":""active"",""__v"":0}"
"{""activePaths"":{""paths"":{""_id"":""init"",""id"":""init"",""name"":""init"",""email"":""init"",""gender"":""init"",""status"":""init"",""__v"":""init""},""states"":{""init"":{""_id"":true,""id"":true,""name"":true,""email"":true,""gender"":true,""status"":true,""__v"":true}}},""skipId"":true}",false,"{""_id"":""64955937b9abc9ee79313878"",""id"":3136881,""name"":""Hiranya Marar"",""email"":""hiranya_marar@koelpin-hudson.example"",""gender"":""male"",""status"":""active"",""__v"":0}"
"{""activePaths"":{""paths"":{""_id"":""init"",""id"":""init"",""name"":""init"",""email"":""init"",""gender"":""init"",""status"":""init"",""__v"":""init""},""states"":{""init"":{""_id"":true,""id"":true,""name"":true,""email"":true,""gender"":true,""status"":true,""__v"":true}}},""skipId"":true}",false,"{""_id"":""64955937b9abc9ee79313879"",""id"":3136880,""name"":""Ajit Johar"",""email"":""ajit_johar@orn.test"",""gender"":""female"",""status"":""active"",""__v"":0}"
"{""activePaths"":{""paths"":{""_id"":""init"",""id"":""init"",""name"":""init"",""email"":""init"",""gender"":""init"",""status"":""init"",""__v"":""init""},""states"":{""init"":{""_id"":true,""id"":true,""name"":true,""email"":true,""gender"":true,""status"":true,""__v"":true}}},""skipId"":true}",false,"{""_id"":""64955937b9abc9ee7931387a"",""id"":3136879,""name"":""Arnesh Chaturvedi"",""email"":""arnesh_chaturvedi@gibson.example"",""gender"":""male"",""status"":""active"",""__v"":0}"
"{""activePaths"":{""paths"":{""_id"":""init"",""id"":""init"",""name"":""init"",""email"":""init"",""gender"":""init"",""status"":""init"",""__v"":""init""},""states"":{""init"":{""_id"":true,""id"":true,""name"":true,""email"":true,""gender"":true,""status"":true,""__v"":true}}},""skipId"":true}",false,"{""_id"":""64955937b9abc9ee7931387b"",""id"":3136878,""name"":""Subhashini Talwar"",""email"":""subhashini_talwar@kerluke.example"",""gender"":""male"",""status"":""Inactive"",""__v"":0}"
"{""activePaths"":{""paths"":{""_id"":""init"",""id"":""init"",""name"":""init"",""email"":""init"",""gender"":""init"",""status"":""init"",""__v"":""init""},""states"":{""init"":{""_id"":true,""id"":true,""name"":true,""email"":true,""gender"":true,""status"":true,""__v"":true}}},""skipId"":true}",false,"{""_id"":""64955937b9abc9ee7931387c"",""id"":3136877,""name"":""Vasanti Varma IV"",""email"":""varma_iv_vasanti@runolfsson-larkin.example"",""gender"":""male"",""status"":""inactive"",""__v"":0}"
"{""activePaths"":{""paths"":{""_id"":""init"",""id"":""init"",""name"":""init"",""email"":""init"",""gender"":""init"",""status"":""init"",""__v"":""init""},""states"":{""init"":{""_id"":true,""id"":true,""name"":true,""email"":true,""gender"":true,""status"":true,""__v"":true}}},""skipId"":true}",false,"{""_id"":""64955937b9abc9ee7931387d"",""id"":3136876,""name"":""Aadidev Ahluwalia Sr."",""email"":""ahluwalia_sr_aadidev@cruickshank.test"",""gender"":""female"",""status"":""inactive"",""__v"":0}"
"{""activePaths"":{""paths"":{""_id"":""init"",""id"":""init"",""name"":""init"",""email"":""init"",""gender"":""init"",""status"":""init"",""__v"":""init""},""states"":{""init"":{""_id"":true,""id"":true,""name"":true,""email"":true,""gender"":true,""status"":true,""__v"":true}}},""skipId"":true}",false,"{""_id"":""64955937b9abc9ee7931387e"",""id"":3136875,""name"":""Bhavani Gupta"",""email"":""bhavani_gupta@sanford.example"",""gender"":""male"",""status"":""inactive"",""__v"":0}"
"{""activePaths"":{""paths"":{""_id"":""init"",""id"":""init"",""name"":""init"",""email"":""init"",""gender"":""init"",""status"":""init"",""__v"":""init""},""states"":{""init"":{""_id"":true,""id"":true,""name"":true,""email"":true,""gender"":true,""status"":true,""__v"":true}}},""skipId"":true}",false,"{""_id"":""64955937b9abc9ee7931387f"",""id"":3136874,""name"":""Aadi Khatri"",""email"":""aadi_khatri@morissette.example"",""gender"":""female"",""status"":""active"",""__v"":0}"
"{""activePaths"":{""paths"":{""_id"":""init"",""id"":""init"",""name"":""init"",""email"":""init"",""gender"":""init"",""status"":""init"",""__v"":""init""},""states"":{""init"":{""_id"":true,""id"":true,""name"":true,""email"":true,""gender"":true,""status"":true,""__v"":true}}},""skipId"":true}",false,"{""_id"":""64955937b9abc9ee79313880"",""id"":3136873,""name"":""Bhaasvan Prajapat DDS"",""email"":""bhaasvan_prajapat_dds@kassulke-kris.example"",""gender"":""male"",""status"":""active"",""__v"":0}"
"{""activePaths"":{""paths"":{""_id"":""init"",""id"":""init"",""name"":""init"",""email"":""init"",""gender"":""init"",""status"":""init"",""__v"":""init""},""states"":{""init"":{""_id"":true,""id"":true,""name"":true,""email"":true,""gender"":true,""status"":true,""__v"":true}}},""skipId"":true}",false,"{""_id"":""64955937b9abc9ee79313881"",""id"":3136872,""name"":""Dhanvin Joshi"",""email"":""joshi_dhanvin@hyatt-beahan.example"",""gender"":""female"",""status"":""inactive"",""__v"":0}"
"{""activePaths"":{""paths"":{""_id"":""init"",""id"":""init"",""name"":""init"",""email"":""init"",""gender"":""init"",""status"":""init"",""__v"":""init""},""states"":{""init"":{""_id"":true,""id"":true,""name"":true,""email"":true,""gender"":true,""status"":true,""__v"":true}}},""skipId"":true}",false,"{""_id"":""64955937b9abc9ee79313882"",""id"":3136871,""name"":""Bhishma Ahluwalia DO"",""email"":""bhishma_do_ahluwalia@wiza.example"",""gender"":""male"",""status"":""inactive"",""__v"":0}"
"{""activePaths"":{""paths"":{""_id"":""init"",""id"":""init"",""name"":""init"",""email"":""init"",""gender"":""init"",""status"":""init"",""__v"":""init""},""states"":{""init"":{""_id"":true,""id"":true,""name"":true,""email"":true,""gender"":true,""status"":true,""__v"":true}}},""skipId"":true}",false,"{""_id"":""64955937b9abc9ee79313883"",""id"":3136870,""name"":""Deepan Joshi MD"",""email"":""joshi_deepan_md@harris-schmitt.test"",""gender"":""male"",""status"":""active"",""__v"":0}"
"{""activePaths"":{""paths"":{""_id"":""init"",""id"":""init"",""name"":""init"",""email"":""init"",""gender"":""init"",""status"":""init"",""__v"":""init""},""states"":{""init"":{""_id"":true,""id"":true,""name"":true,""email"":true,""gender"":true,""status"":true,""__v"":true}}},""skipId"":true}",false,"{""_id"":""64955937b9abc9ee79313884"",""id"":3136869,""name"":""Pres. Kirti Iyer"",""email"":""kirti_iyer_pres@walker.example"",""gender"":""female"",""status"":""inactive"",""__v"":0}"
"{""activePaths"":{""paths"":{""_id"":""init"",""id"":""init"",""name"":""init"",""email"":""init"",""gender"":""init"",""status"":""init"",""__v"":""init""},""states"":{""init"":{""_id"":true,""id"":true,""name"":true,""email"":true,""gender"":true,""status"":true,""__v"":true}}},""skipId"":true}",false,"{""_id"":""64955937b9abc9ee79313885"",""id"":3136868,""name"":""Anuraag Devar"",""email"":""devar_anuraag@reynolds.test"",""gender"":""female"",""status"":""inactive"",""__v"":0}"
"{""activePaths"":{""paths"":{""_id"":""init"",""id"":""init"",""name"":""init"",""email"":""init"",""gender"":""init"",""status"":""init"",""__v"":""init""},""states"":{""init"":{""_id"":true,""id"":true,""name"":true,""email"":true,""gender"":true,""status"":true,""__v"":true}}},""skipId"":true}",false,"{""_id"":""64955937b9abc9ee79313886"",""id"":3136867,""name"":""Adityanandan Agarwal"",""email"":""agarwal_adityanandan@kunde.test"",""gender"":""female"",""status"":""active"",""__v"":0}"
"{""activePaths"":{""paths"":{""_id"":""init"",""id"":""init"",""name"":""init"",""email"":""init"",""gender"":""init"",""status"":""init"",""__v"":""init""},""states"":{""init"":{""_id"":true,""id"":true,""name"":true,""email"":true,""gender"":true,""status"":true,""__v"":true}}},""skipId"":true}",false,"{""_id"":""64955937b9abc9ee79313887"",""id"":3136866,""name"":""Aryan Johar"",""email"":""aryan_johar@effertz.example"",""gender"":""male"",""status"":""active"",""__v"":0}"
"{""activePaths"":{""paths"":{""_id"":""init"",""id"":""init"",""name"":""init"",""email"":""init"",""gender"":""init"",""status"":""init"",""__v"":""init""},""states"":{""init"":{""_id"":true,""id"":true,""name"":true,""email"":true,""gender"":true,""status"":true,""__v"":true}}},""skipId"":true}",false,"{""_id"":""64955937b9abc9ee79313888"",""id"":3136865,""name"":""Soma Mishra"",""email"":""mishra_soma@fadel.example"",""gender"":""female"",""status"":""active"",""__v"":0}"
"{""activePaths"":{""paths"":{""_id"":""init"",""id"":""init"",""name"":""init"",""email"":""init"",""gender"":""init"",""status"":""init"",""__v"":""init""},""states"":{""init"":{""_id"":true,""id"":true,""name"":true,""email"":true,""gender"":true,""status"":true,""__v"":true}}},""skipId"":true}",false,"{""_id"":""64955937b9abc9ee79313889"",""id"":3136864,""name"":""Bhisham Verma"",""email"":""verma_bhisham@beatty-ankunding.test"",""gender"":""female"",""status"":""active"",""__v"":0}"
"{""activePaths"":{""paths"":{""_id"":""init"",""id"":""init"",""name"":""init"",""email"":""init"",""gender"":""init"",""status"":""init"",""__v"":""init""},""states"":{""init"":{""_id"":true,""id"":true,""name"":true,""email"":true,""gender"":true,""status"":true,""__v"":true}}},""skipId"":true}",false,"{""_id"":""64955937b9abc9ee7931388a"",""id"":3136863,""name"":""Mohana Panicker"",""email"":""mohana_panicker@sanford.example"",""gender"":""male"",""status"":""active"",""__v"":0}"
"{""activePaths"":{""paths"":{""_id"":""init"",""id"":""init"",""name"":""init"",""email"":""init"",""gender"":""init"",""status"":""init"",""__v"":""init""},""states"":{""init"":{""_id"":true,""id"":true,""name"":true,""email"":true,""gender"":true,""status"":true,""__v"":true}}},""skipId"":true}",false,"{""_id"":""64955937b9abc9ee7931388b"",""id"":3136862,""name"":""Abani Achari"",""email"":""achari_abani@windler.test"",""gender"":""female"",""status"":""inactive"",""__v"":0}"
"{""activePaths"":{""paths"":{""_id"":""init"",""id"":""init"",""name"":""init"",""email"":""init"",""gender"":""init"",""status"":""init"",""__v"":""init""},""states"":{""init"":{""_id"":true,""id"":true,""name"":true,""email"":true,""gender"":true,""status"":true,""__v"":true}}},""skipId"":true}",false,"{""_id"":""64955937b9abc9ee7931388c"",""id"":3136861,""name"":""Lavanya Agarwal"",""email"":""lavanya_agarwal@berge-macgyver.example"",""gender"":""female"",""status"":""active"",""__v"":0}"
"{""activePaths"":{""paths"":{""_id"":""init"",""id"":""init"",""name"":""init"",""email"":""init"",""gender"":""init"",""status"":""init"",""__v"":""init""},""states"":{""init"":{""_id"":true,""id"":true,""name"":true,""email"":true,""gender"":true,""status"":true,""__v"":true}}},""skipId"":true}",false,"{""_id"":""64955937b9abc9ee7931388d"",""id"":3136860,""name"":""Msgr. Dhatri Tandon"",""email"":""tandon_msgr_dhatri@padberg.example"",""gender"":""female"",""status"":""inactive"",""__v"":0}"
"{""activePaths"":{""paths"":{""_id"":""init"",""id"":""init"",""name"":""init"",""email"":""init"",""gender"":""init"",""status"":""init"",""__v"":""init""},""states"":{""init"":{""_id"":true,""id"":true,""name"":true,""email"":true,""gender"":true,""status"":true,""__v"":true}}},""skipId"":true}",false,"{""_id"":""64955937b9abc9ee7931388e"",""id"":3136859,""name"":""Chandramohan Gandhi"",""email"":""chandramohan_gandhi@dare-hackett.test"",""gender"":""female"",""status"":""active"",""__v"":0}"
"{""activePaths"":{""paths"":{""_id"":""init"",""id"":""init"",""name"":""init"",""email"":""init"",""gender"":""init"",""status"":""init"",""__v"":""init""},""states"":{""init"":{""_id"":true,""id"":true,""name"":true,""email"":true,""gender"":true,""status"":true,""__v"":true}}},""skipId"":true}",false,"{""_id"":""64955937b9abc9ee7931388f"",""id"":3136858,""name"":""Madhuri Somayaji"",""email"":""madhuri_somayaji@wintheiser.test"",""gender"":""female"",""status"":""active"",""__v"":0}"
"{""activePaths"":{""paths"":{""_id"":""init"",""id"":""init"",""name"":""init"",""email"":""init"",""gender"":""init"",""status"":""init"",""__v"":""init""},""states"":{""init"":{""_id"":true,""id"":true,""name"":true,""email"":true,""gender"":true,""status"":true,""__v"":true}}},""skipId"":true}",false,"{""_id"":""64955937b9abc9ee79313890"",""id"":3136857,""name"":""Fr. Anasooya Dhawan"",""email"":""fr_anasooya_dhawan@fisher.test"",""gender"":""female"",""status"":""active"",""__v"":0}"
"{""activePaths"":{""paths"":{""_id"":""init"",""id"":""init"",""name"":""init"",""email"":""init"",""gender"":""init"",""status"":""init"",""__v"":""init""},""states"":{""init"":{""_id"":true,""id"":true,""name"":true,""email"":true,""gender"":true,""status"":true,""__v"":true}}},""skipId"":true}",false,"{""_id"":""64955937b9abc9ee79313891"",""id"":3136856,""name"":""Sen. Abhisyanta Chaturvedi"",""email"":""chaturvedi_abhisyanta_sen@marquardt-farrell.test"",""gender"":""male"",""status"":""active"",""__v"":0}"
"{""activePaths"":{""paths"":{""_id"":""init"",""id"":""init"",""name"":""init"",""email"":""init"",""gender"":""init"",""status"":""init"",""__v"":""init""},""states"":{""init"":{""_id"":true,""id"":true,""name"":true,""email"":true,""gender"":true,""status"":true,""__v"":true}}},""skipId"":true}",false,"{""_id"":""64955937b9abc9ee79313892"",""id"":3136855,""name"":""Daksha Tandon"",""email"":""tandon_daksha@stroman-glover.test"",""gender"":""female"",""status"":""active"",""__v"":0}"
"{""activePaths"":{""paths"":{""_id"":""init"",""id"":""init"",""name"":""init"",""email"":""init"",""gender"":""init"",""status"":""init"",""__v"":""init""},""states"":{""init"":{""_id"":true,""id"":true,""name"":true,""email"":true,""gender"":true,""status"":true,""__v"":true}}},""skipId"":true}",false,"{""_id"":""64955937b9abc9ee79313893"",""id"":3136854,""name"":""Rupinder Arora"",""email"":""rupinder_arora@hansen-emmerich.example"",""gender"":""male"",""status"":""active"",""__v"":0}"
"{""activePaths"":{""paths"":{""_id"":""init"",""id"":""init"",""name"":""init"",""email"":""init"",""gender"":""init"",""status"":""init"",""__v"":""init""},""states"":{""init"":{""_id"":true,""id"":true,""name"":true,""email"":true,""gender"":true,""status"":true,""__v"":true}}},""skipId"":true}",false,"{""_id"":""64955937b9abc9ee79313894"",""id"":3136853,""name"":""Ajay sham"",""email"":""baijayanti_chopra_iv@haag-mckenzie.example"",""gender"":""female"",""status"":""inactive"",""__v"":0}"